Request Id,request_e2e_time_normalized
5,0.37381963614711594
6,0.03711810553732159
11,0.12542636451836772
4,0.03870814062024431
15,1.1907275154836567
1,0.04033691933286788
2,0.04127627153175452
7,0.04630578269562873
9,0.05349631041169706
16,0.14916402431421996
8,0.04991445062573757
29,2.0713772984322674
34,24.242302742415454
14,0.07678048378782469
12,0.07126175338133353
17,0.07947163063509904
10,0.04796703848539292
3,0.03817899770351823
37,0.8484295944540005
20,0.08812331277944392
18,0.06940571439330905
13,0.060726034782708396
21,0.08863413763031316
58,1.2662334641541015
38,0.13609108884525575
23,0.08248556965146077
33,0.10778408960629164
42,0.146099131085747
32,0.0992487944774259
45,0.16471267627929645
22,0.07649313095775846
57,0.3316043098300538
43,0.14294047557720488
53,0.1604070461686917
44,0.113649730812741
48,0.11513791491249863
36,0.08681114218084113
49,0.10722932487025615
30,0.07043022993016
65,0.21546231705602037
31,0.06840081086750811
40,0.0796880317477541
66,0.19978582774783624
52,0.09854642116112816
39,0.07702665947793381
59,0.11538514244765694
47,0.08813680955413017
85,39.33737374272478
55,0.10104086802426782
41,0.07469611720895004
28,0.060843813655784625
62,0.11413169398978473
60,0.10225723086143079
19,0.05156163008626188
72,0.17910417407927132
24,0.05727264314007206
67,0.12183300935519518
77,0.15212361525232818
75,0.13346462374174858
61,0.09111408259687755
71,0.12132019257986967
70,0.10942153842147138
103,1.4511097292919954
63,0.0918540000548329
78,0.12528035179418956
69,0.09357258975908121
84,0.14473754791943963
87,0.14275515745731684
83,0.113725515991932
100,0.19522927294447304
122,0.5564436886404165
130,1.7758178300325669
114,0.3197425871189452
81,0.08957796741871304
92,0.1262927381051016
116,0.23795459969154437
90,0.11424394907732832
115,0.234066289504173
82,0.09002500495397292
117,0.23138170534022082
105,0.1487923671745627
113,0.17980040890194351
149,3.4270175753767598
86,0.09816612350592298
134,0.481649389243378
110,0.15689178405220203
147,0.7014730488240691
99,0.11536987081283913
104,0.11585671737243318
160,1.5208160810908684
106,0.11718134598671333
123,0.17081389473995015
108,0.1148820516370312
102,0.10400513609452686
101,0.10100006143652639
152,0.303534229519122
171,1.1472711641322526
127,0.1524728603666463
107,0.10117547940102459
121,0.12413144150990656
128,0.14057583482900055
126,0.13632577665249385
155,0.2497222662618011
136,0.15948030799128285
138,0.16401166715056378
118,0.11100553448885143
158,0.23556103008775345
132,0.138669776864309
157,0.20200598034161232
141,0.14461049885733257
153,0.17862597640831346
154,0.1832857731053809
125,0.11558187153753917
143,0.1464441458605971
150,0.15403068976723927
142,0.13403449923043687
148,0.14463352506633714
133,0.12400020995160077
173,0.24991618549629804
164,0.1871096829839897
131,0.11107166247829316
140,0.12327906577275115
197,3.118266599486541
165,0.1776305364985188
163,0.14635761745131337
184,0.27834271784905984
176,0.2032026327476757
181,0.21356339379121028
185,0.1968372574112058
175,0.15821224254522978
183,0.18761171540735297
189,0.21477491454403952
174,0.14816212562248615
172,0.13459993295337708
187,0.1877527836073283
207,0.5387178978094143
177,0.14465600709424112
169,0.12318223915149216
227,15.867783101091266
235,3.7538380674033127
196,0.1930952753020895
161,0.10251749637226772
182,0.13842846025963434
162,0.10199064764256034
205,0.2412877044812703
192,0.14023639652140119
146,0.08534842034935687
198,0.16737389706234387
239,0.4158418387012315
206,0.17731006389199006
218,0.2313352258928312
195,0.1303503131827555
240,0.3571960604001722
204,0.1559535369782661
232,0.24193413104410647
201,0.1322735611590294
209,0.15950521461893885
210,0.16450378779995137
203,0.1357250409657818
251,0.3894077464223373
216,0.16856248149641062
193,0.10888621634126097
214,0.15442897203349742
219,0.17387841201773746
286,3.4999953461089506
225,0.16184106784103147
249,0.22811231050755396
302,13.906148717286346
202,0.11336610783227165
261,0.25054118588928537
259,0.2396547407840216
243,0.17972719992553515
244,0.18302237582925734
224,0.14613776191224365
234,0.15178452068557657
230,0.14616158870593066
217,0.12853217365835762
237,0.15494532762507904
228,0.14182939047761026
248,0.1752725943868125
250,0.19114156338312796
194,0.09426493982228747
311,0.7795250813079031
256,0.1821339381956165
289,0.28712526796974097
271,0.1938091097878064
276,0.23345941906460577
294,0.2950379063681265
254,0.15518511197684556
215,0.11064838410530593
281,0.21618622178172914
264,0.159081190127262
275,0.19589289533153256
266,0.1676079083668283
280,0.20468900241847718
285,0.21276547409379717
272,0.17263008911368108
283,0.20406939577322056
262,0.1428979764184377
304,0.23507073604823361
325,0.2448027281327059
332,0.8554614420635139
316,0.20139820924726348
334,0.7000448055389903
301,0.1728177842797124
307,0.18166024507006584
299,0.15532984715242412
335,0.4592926266270385
288,0.14561229463444594
274,0.12845496882691265
321,0.17852264611895033
352,0.40975416397696474
357,0.41683966797932137
344,0.3105662873831178
317,0.15225869988782267
346,0.3115295828679578
372,0.7281542655247972
341,0.2742504921628636
330,0.24685958710763392
345,0.26955922456457904
365,0.4048283892985308
336,0.25277444907733176
296,0.12340185163491753
312,0.13236438960622507
362,0.31406250300757804
338,0.23998943726598185
349,0.2599743336603509
348,0.2415996603534784
369,0.3521666307168814
367,0.30360945747641455
374,0.39303253043055975
393,0.7350697399581623
354,0.21340581458258825
347,0.19797153205750062
408,0.6355956472072141
435,1.0262900445196608
385,0.32904820820017305
386,0.32643195023489663
373,0.24522150954962565
368,0.21468561723913596
390,0.3044032945679903
370,0.22128571355772406
378,0.24213416591498352
380,0.2529202319233702
423,0.42328099062203656
394,0.28965923263040466
391,0.27260166657202006
377,0.20174309273409427
447,0.5043433227695822
445,0.4869511511981597
383,0.21602978039387857
412,0.27280940830240435
407,0.2537750239535939
420,0.2667922953756848
389,0.20832827366169301
432,0.28866822246617635
438,0.3104651198122349
446,0.35628046172327554
402,0.2265104406260493
425,0.231981955678258
439,0.25823689739220207
437,0.23873309031418072
463,0.3577893232068631
467,0.39346298353057424
453,0.27925346138267476
455,0.2776808740034191
397,0.18181549956970444
265,0.07970787726413266
462,0.28187535582907103
426,0.19608361598062146
451,0.23991195452833905
449,0.22776065625501374
459,0.26258682384629073
442,0.18763305321428717
458,0.21974651850452628
443,0.18978672107353692
466,0.23843018778326205
471,0.5391922443002475
464,0.2086880749845763
454,0.1658682289615367
470,0.18653909072110278
468,0.18124406215327715
364,0.0646951245026529
