Request Id,decode_time_execution_plus_preemption_normalized
8,0.005178380546126515
18,0.024833696212861783
9,0.021977834453566093
14,0.02907512971905054
30,0.026822416560490055
32,0.02288794556283914
40,0.02633716346805458
28,0.02666107847851399
37,0.0
60,0.03020048500782155
20,0.025994494850221633
4,0.022966919127006206
12,0.025738991629463033
7,0.038677039132241006
48,0.031111671123192783
17,0.031884380651123964
5,0.02759072363742188
88,0.0
49,0.03351973054167572
56,0.031509494695622024
38,0.032684307226621544
61,0.026671238775581713
36,0.030612947476318108
29,0.031211645569962303
24,0.030412354871790264
92,0.031048444266987517
68,0.03210140092225983
41,0.03179652323691367
46,0.034502913475212935
45,0.03245540271748424
77,0.016606460135593675
16,0.027807599885117544
10,0.033085215698848376
19,0.030347746099968487
21,0.03211724432290824
52,0.03174541537786699
25,0.03224196451904256
26,0.03391849293392588
112,0.026403278934013945
69,0.03130191383083012
80,0.030961032390392777
13,0.03176184544546495
11,0.04113748777049011
67,0.03329150095458843
71,0.029861532690951265
53,0.0328942072961632
98,0.03059493980260665
106,0.0313451053643121
44,0.03153046614440509
62,0.03645363680709523
64,0.032246066503107323
50,0.036408040783414704
23,0.033830959554261304
15,0.03346231510445699
83,0.031223273062438144
6,0.0332054344315176
70,0.037199089241840955
78,0.037678399669975174
42,0.0360344943062757
34,0.03572080995274164
58,0.03634193926240448
35,0.034772167546273436
72,0.03257984627159009
120,0.03331010808658203
74,0.03715791888845433
152,0.02675431797756384
47,0.035916458773689555
51,0.036068021152751276
65,0.03939165857929205
33,0.03687534802143852
140,0.031560514404780034
116,0.03250028206505186
132,0.0326627641663444
108,0.03224730596123406
75,0.037965619223724954
76,0.03203713993085605
142,0.028655214085449642
90,0.039947933477492245
114,0.04047304239006467
55,0.036803416149000776
54,0.03731072459678478
66,0.03797410506765505
39,0.03660954282358701
84,0.032147722427248754
118,0.03860997334299863
154,0.02750429650389584
162,0.029195133258847067
96,0.03224381526976353
200,0.02649338643436974
86,0.038229023528706406
150,0.03151122675561879
79,0.039929982540689614
100,0.03194759769518296
63,0.04005621464627537
124,0.03252757437003038
82,0.03739442205426593
174,0.03358720304643829
73,0.05052589802730253
138,0.033396075919498905
104,0.032022270085670615
160,0.0318261523717545
43,0.04091769928948903
22,0.03666756327152735
176,0.03180874035447826
59,0.04280886035428106
148,0.03176122058055277
81,0.05569245739730001
156,0.03239935145669574
128,0.03288301388697257
144,0.03245856445930167
168,0.03235150690180728
57,0.04740327562276816
244,0.030370998054644032
136,0.03242805524176835
184,0.032268506308045064
87,0.04570741835095116
192,0.032265664688448215
133,0.027529950360125306
126,0.0444166372842585
170,0.0499475930818208
188,0.03210271606718585
232,0.03203178724093419
208,0.03207598033996688
260,0.026892103493677766
125,0.029412247156825465
31,0.039973878909459276
93,0.05045173600174752
169,0.01877318474359176
97,0.05166503579955567
137,0.030958420823337284
158,0.05156851822928435
117,0.030745462823298198
256,0.03423741957695997
94,0.04474831226204632
102,0.04593434572789704
180,0.03332687335294813
89,0.04731533618552019
85,0.0463722335278039
130,0.05104581499915078
172,0.03391281475708583
189,0.023562069065113177
27,0.042416884035484645
202,0.027218381986248968
212,0.034803016277373776
110,0.044767415643395626
296,0.01844082779426041
113,0.032947143210569935
161,0.03523001036155406
146,0.04665530306777756
123,0.023962894048619683
91,0.05044180990756852
103,0.04922896741592033
164,0.03413092069974012
95,0.05145407805292891
194,0.03333869299496206
228,0.035033114291595405
264,0.03674256085070855
252,0.036187974311041246
204,0.03457762683443316
119,0.053193419978782464
122,0.04529943503385213
166,0.04735404690555524
134,0.04539448312617052
308,0.034436026028370544
210,0.03561001849413294
224,0.03505797274699511
178,0.04779172891881211
272,0.03600605188496058
216,0.03507194712971981
248,0.03587158565870607
157,0.04112701723307822
141,0.04036921788037476
220,0.034922680831226224
240,0.03532334999234744
196,0.03444140131819466
109,0.03834429581538887
129,0.03933963811447678
230,0.019699159812542888
153,0.040495960901709614
234,0.02716485652332601
238,0.026359804134578724
292,0.03413494480293707
101,0.03763051068411902
186,0.03506733171383663
145,0.03924270751410037
105,0.037423508194362735
280,0.03477543603948028
190,0.035237665922026304
316,0.0350539932786347
182,0.03464697653363068
226,0.03027519656976279
121,0.03768067733700469
236,0.035544700670611745
250,0.03243448172186648
181,0.041092068613182375
300,0.03494406864160477
336,0.028899359319416857
107,0.0476359712603256
173,0.03919286356341168
115,0.04893163173499598
284,0.03546791818411657
177,0.03969834506678976
111,0.04713561392956197
242,0.03508586710592834
288,0.035251852292292295
225,0.029762460227254338
163,0.028781808538607023
254,0.03801150585920872
185,0.03922637215488744
312,0.03497001418162023
159,0.03319410204649308
99,0.04455716493457391
198,0.0371414538967941
356,0.03148594080893836
155,0.037627225123647655
276,0.03466937132220367
328,0.035379836642934155
165,0.039284414104306546
206,0.03843183120900537
222,0.03914354369741123
304,0.03493599378349456
171,0.04515406749170729
282,0.02695493912758214
262,0.04006489313174136
266,0.04077834202994828
332,0.03331503113164674
214,0.03828140504936866
360,0.032801416485525633
193,0.03996686323712163
127,0.041618159028388994
139,0.04214703675020034
324,0.034871916189999755
344,0.03387641600247627
246,0.04062875958407889
368,0.0339194338181973
348,0.03387778868368695
131,0.040938208632832616
340,0.03366595556513489
352,0.03381575502153932
396,0.034594797276406034
221,0.04828426888065817
135,0.040739325023622465
420,0.019283370756543405
201,0.043716642512364526
372,0.033351676177935385
258,0.04031048076463277
416,0.02711887886541769
209,0.04442758262539496
191,0.03278641909832345
149,0.0415813299937996
320,0.03440611388961953
167,0.04369686067683724
179,0.044495491351226095
213,0.044319186027142056
364,0.033480925633913854
151,0.04086507223456702
143,0.04074216700021231
388,0.03376283784264503
187,0.034913516245538796
274,0.03738020461114112
376,0.03433283129545993
314,0.031077301580643556
278,0.03733301920237079
229,0.05165257443855704
322,0.03346483763837682
218,0.037931991747297826
217,0.047817040789044946
147,0.04102290705791656
380,0.03397256942741759
424,0.03388351804449017
175,0.04224006866092443
464,0.03108475341345098
326,0.04640915216304998
261,0.02724063053384031
199,0.0381621135121799
392,0.03383013553812406
286,0.04147037424156418
205,0.04394080581992354
237,0.04804599036822381
289,0.02915212771562139
211,0.0368005261133503
233,0.04723732181689589
432,0.034581582093187915
448,0.03561431720035233
476,0.035021201542565765
404,0.03460274018141782
281,0.033700097708197575
203,0.03692957828522677
245,0.04132484739945895
195,0.036411941648929726
183,0.036085512607002344
273,0.03323372429581026
500,0.0
384,0.03405489122576312
400,0.03425493798063668
207,0.036519679810224276
271,0.025702329113281273
496,0.030289098809865817
243,0.03188439359878569
428,0.034314400663335874
235,0.03220063783050762
456,0.02879387611216464
197,0.04269115753159326
440,0.02820119166094406
268,0.032887594864473395
412,0.028974812838186138
472,0.024418033256180978
468,0.02453695405874739
219,0.03511069556601539
436,0.02609196145623116
452,0.02542759183004822
239,0.0315278550209929
270,0.04693709649446469
215,0.03490190608498196
492,0.015008981238753267
444,0.023027913084786373
460,0.021237439096253724
484,0.014284874657145265
480,0.014384976812366324
508,0.012221166255865194
488,0.013364436737796265
512,0.009712155883427295
305,0.023120094281111392
504,0.010754228394624164
241,0.043366355891150135
342,0.03199164121372683
253,0.039473148457939186
298,0.04907953029071405
249,0.038663301113702746
297,0.042898326625067845
317,0.030504346256532866
321,0.03312166618354314
290,0.04605565127897925
362,0.031339446347916015
294,0.046645484395294534
247,0.03788398274903589
310,0.04860003101977091
227,0.036827385424297726
251,0.03757902135676737
338,0.03245025144215532
378,0.01798819043959554
231,0.03662197813583928
302,0.04631613203415504
311,0.030188904382038566
318,0.04837601940599154
287,0.04206701931297032
293,0.040726144488618436
330,0.032376372045422375
259,0.03766826022215393
408,0.015865428647942843
255,0.03761587218053375
257,0.03817995790735693
354,0.031301248195511694
269,0.03848007977403762
390,0.026999374255796623
223,0.03647386531433258
323,0.034290792155695256
279,0.039608849286864665
382,0.029686090829421037
303,0.033212874327863975
306,0.04542084305104873
329,0.034718716542088156
343,0.026500227781677488
283,0.0381327515516068
265,0.03813719425383832
337,0.03594321259838984
361,0.02482089169596513
267,0.037010646183829585
335,0.033312662775463
346,0.03811899940726333
301,0.034144102561377
309,0.0342469534766181
366,0.0420011796835713
275,0.038240188762772215
369,0.017412145383592776
313,0.03468180322610439
295,0.03743631711082179
277,0.037254738216820335
307,0.03897589475198816
355,0.043190085237314595
358,0.051458274645919545
370,0.053423002772937156
349,0.038112008286390775
333,0.03819409174754866
347,0.040272614547332976
291,0.039775704087465474
319,0.03786481213235513
341,0.04123959928220574
374,0.05986054873710109
339,0.038623134411373695
375,0.03291192377164623
402,0.028102971258145457
263,0.037918622489512735
351,0.03851427276850814
391,0.03032397113701644
325,0.04034750708928747
365,0.04520189248403677
350,0.049809075732953
406,0.03090558772346261
377,0.04790261334598067
363,0.03248677744425183
399,0.032247170969637175
394,0.05695575441961286
327,0.03687694703031264
409,0.02036198835654801
359,0.03223872869600702
334,0.04688442363125236
357,0.04097515173463612
386,0.05394707193652641
353,0.040894418977924965
331,0.03742096067928619
315,0.03805395764150005
381,0.04613493167352444
434,0.017695933330259095
299,0.03855977387238118
411,0.04921453029664702
373,0.04578230002829886
345,0.04265733543583415
427,0.02187358317710846
407,0.043927899774911065
383,0.03876276877260605
438,0.029667675632409206
414,0.03674366951685934
371,0.0377120213838056
418,0.036963020451648274
410,0.03593856272450498
389,0.04628607165710834
426,0.03266356249014702
379,0.037621948553456186
431,0.030787507210779035
387,0.038217719305855304
421,0.0309084403795602
393,0.04668390826418226
403,0.03978660064319256
385,0.04534668288462374
397,0.046643251937238395
395,0.0382297144992662
447,0.02967020262983766
415,0.03988960164653341
450,0.039553759418417385
455,0.026496822031204046
459,0.02968318023378229
437,0.029337723792143323
422,0.04313226076364804
401,0.04342726202435969
423,0.03270626876140713
405,0.04388819018701386
487,0.024117446509680777
435,0.033011076750528764
491,0.03039341484969024
425,0.03492994466035507
515,0.010123044981916962
398,0.04463644429089773
419,0.030934098617510723
439,0.028737119439719967
503,0.013278004027713031
497,0.031417118032531555
501,0.03105174787268233
413,0.0432760749431431
463,0.021840913643087524
451,0.023046336332609087
483,0.017877187342761013
495,0.014550834465190248
443,0.021829391500858768
489,0.0272694431462628
467,0.01788630910396553
417,0.03357282221939565
511,0.009606319835050134
449,0.02977335390551491
441,0.027797869788355474
471,0.016070014161729016
479,0.013786895201328666
470,0.06246382752560607
507,0.009870211568964603
482,0.025747590633107127
466,0.05940354470592778
499,0.010972009501502133
465,0.02165451724664946
486,0.01760354736759003
485,0.017671405716533348
475,0.012465938944158405
429,0.02375150924952224
442,0.05114965454042443
433,0.02170796231079772
469,0.019456576089435976
461,0.019157112538228046
458,0.05311351225123408
477,0.017360232042250588
445,0.020213978791548952
481,0.016300602199457077
505,0.012860689022417694
285,0.03458646965603356
473,0.01677723716811708
509,0.011559910230291355
457,0.016876542841832962
462,0.0522058365423122
513,0.011013571346237386
453,0.016794015291048472
430,0.04732488634527234
454,0.050380320072215386
493,0.012507946535124853
474,0.032762567533859054
367,0.020532013228401938
446,0.04568965052561485
506,0.015539466012368426
490,0.019052126153316497
478,0.021198293879278008
494,0.015117712993132519
514,0.008596259960830403
502,0.012563561678428335
498,0.01228604036251384
510,0.00982473461825337
