cdf,prefill_time_execution_plus_preemption_normalized
0.0,3.7825102787016215e-05
0.01,4.038488756311355e-05
0.02,4.139505158751617e-05
0.03,4.311996563575685e-05
0.04,4.6108500072000654e-05
0.05,4.7524833888925015e-05
0.06,4.791539729576396e-05
0.07,4.898177277843466e-05
0.08,5.009431511959715e-05
0.09,5.018189761541666e-05
0.1,5.036602787536242e-05
0.11,5.0652582392236036e-05
0.12,5.0866541619687695e-05
0.13,5.089629010555412e-05
0.14,5.155419965741304e-05
0.15,5.172569350635643e-05
0.16,5.2261294613123306e-05
0.17,5.251530909645459e-05
0.18,5.2720983712977324e-05
0.19,5.2890328489919155e-05
0.2,5.292640653774918e-05
0.21,5.297168559488648e-05
0.22,5.310756188911527e-05
0.23,5.333433032053934e-05
0.24,5.3802835513497646e-05
0.25,5.428924353239368e-05
0.26,5.451982158727829e-05
0.27,5.505024574436694e-05
0.28,5.535458257313257e-05
0.29,5.544363172510662e-05
0.3,5.554328896169168e-05
0.31,5.562772114732328e-05
0.32,5.581755797530057e-05
0.33,5.608706886124453e-05
0.34,5.624259316902307e-05
0.35000000000000003,5.640557171164613e-05
0.36,5.65347458199543e-05
0.37,5.6687783939436e-05
0.38,5.668835183983098e-05
0.39,5.673149935586714e-05
0.4,5.719735558648407e-05
0.41000000000000003,5.7312945992927645e-05
0.42,5.746891717561414e-05
0.43,5.7646881606985965e-05
0.44,5.776755059526811e-05
0.45,5.7957532626315436e-05
0.46,5.8204709272916516e-05
0.47000000000000003,5.8338145721355375e-05
0.48,5.850132030241682e-05
0.49,5.8665195428609346e-05
0.5,5.877265495536232e-05
0.51,5.884306113605716e-05
0.52,5.920070377888047e-05
0.53,5.9268360850001785e-05
0.54,5.931309634181994e-05
0.55,5.957113425234472e-05
0.56,5.974024508493021e-05
0.5700000000000001,5.978217512439105e-05
0.58,5.983771096262425e-05
0.59,6.003258909772847e-05
0.6,6.048588253531965e-05
0.61,6.0589622921700454e-05
0.62,6.072566648932185e-05
0.63,6.082836576431486e-05
0.64,6.084136527753463e-05
0.65,6.104301781346603e-05
0.66,6.119977300369943e-05
0.67,6.12450054660551e-05
0.68,6.129487743601951e-05
0.6900000000000001,6.134903077894088e-05
0.7000000000000001,6.140646855347606e-05
0.71,6.150825410908072e-05
0.72,6.160272231606891e-05
0.73,6.165633767889101e-05
0.74,6.187570388135836e-05
0.75,6.189269694268342e-05
0.76,6.216621130024716e-05
0.77,6.224351849051724e-05
0.78,6.249099279114768e-05
0.79,6.273152082199109e-05
0.8,6.291115416726796e-05
0.81,6.301620023651515e-05
0.8200000000000001,6.306785978553968e-05
0.8300000000000001,6.30996568478828e-05
0.84,6.320058087755511e-05
0.85,6.349486206152729e-05
0.86,6.38194716575103e-05
0.87,6.387770310770789e-05
0.88,6.415110507559471e-05
0.89,6.49427168468747e-05
0.9,6.51155807204928e-05
0.91,6.535515421598071e-05
0.92,6.546784862575038e-05
0.93,6.621623105649734e-05
0.9400000000000001,6.704907687738026e-05
0.9500000000000001,6.739610744687531e-05
0.96,6.755443773618569e-05
0.97,6.772216804293971e-05
0.98,6.813255512036346e-05
0.99,6.96284211917201e-05
1.0,7.205904597132247e-05
