Request Id,request_model_execution_time_normalized
5,0.0148736797326895
26,0.020059307661103178
36,0.019399749103796236
13,0.015525687851827464
16,0.01524333200762676
63,0.013438004249763798
37,0.014874559004756793
79,0.014207838140574157
43,0.01421703666701427
12,0.015147759946220826
47,0.013295781072639274
58,0.013640162017890848
2,0.014809798366008356
102,0.01775957544170837
39,0.013899729453811186
76,0.01329952487286792
29,0.015261361344185561
46,0.014430240502000861
59,0.013621074543966315
66,0.013639381681421632
74,0.014005008975362469
30,0.014378362605085944
40,0.014064106513123675
99,0.014182970978525817
86,0.013646425418054402
114,0.011337724322828731
115,0.010688909928530284
98,0.011267537855678536
103,0.01024085311598971
105,0.00999564567331982
126,0.008115157192561891
127,0.00799061521601213
101,0.010668511511466921
100,0.010576705282218941
125,0.008168378097358747
106,0.00950765169550417
117,0.008490988533789092
