request_id,estimated_ttft,current_time,estimated_completion_time,deadline,time_until_deadline,slack,remaining_prefill_tokens,queue_position,ahead_prefill_tokens,is_violation
4,0.3002225937726622,0.18587822790020653,0.4861008216728687,10000.1858782279,10000.0,9999.699777406227,7270,0,0,False
8,0.2791615865066295,0.6713782310905243,0.9505398175971538,10000.664392614945,9999.993014383854,9999.713852797347,6760,0,0,False
12,0.4335263809388456,1.429819213583819,1.8633455945226647,10001.42827416525,9999.998454951667,9999.564928570728,10498,0,0,False
16,0.2611564900988054,2.0168949767839233,2.2780514668827285,10002.016820332958,9999.999925356175,9999.738768866076,6324,0,0,False
20,0.03778592480082337,2.4415845742596973,2.4793704990605208,10002.439661213852,9999.998076639591,9999.960290714791,915,0,0,False
24,1.0882759303563916,2.970733476723392,4.059009407079784,10002.969911752585,9999.999178275863,9998.910902345506,26353,0,0,False
28,0.6265443181181335,3.8823063607084727,4.508850678826606,10003.86749127944,9999.98518491873,9999.358640600612,15172,0,0,False
32,0.9254454369250839,4.027190738527746,4.952636175452829,10003.999684420309,9999.97249368178,9999.047048244855,7238,1,15172,False
36,0.45607404754130415,4.759841493032148,5.2159155405734525,10004.738288605227,9999.978447112195,9999.522373064654,3806,1,7238,False
40,0.5507659880530943,4.940335837607875,5.491101825660969,10004.919044405016,9999.978708567409,9999.427942579356,2293,2,11044,False
44,0.6293111563275927,5.2665762715091615,5.895887427836755,10005.242282437162,9999.975706165653,9999.346395009325,1902,3,13337,False
48,0.7274719686243765,5.8899016286923445,6.617373597316721,10005.886348892776,9999.996447264084,9999.26897529546,9615,3,8001,False
52,0.6196891667335033,6.359297516246693,6.978986682980197,10006.337738975086,9999.97844145884,9999.358752292106,5391,1,9615,False
56,0.5932183713265876,6.588970424077201,7.182188795403788,10006.578621672395,9999.989651248317,9999.39643287699,8974,1,5391,False
60,0.8265412949600871,7.154804242992995,7.981345537953082,10007.134390131074,9999.97958588808,9999.15304459312,11041,1,8974,False
64,1.0374404402691635,7.4162601962908905,8.453700636560054,10007.41152829816,9999.99526810187,9998.957827661601,14081,1,11041,False
68,1.394775530216185,7.9159777219039045,9.31075325212009,10007.902172335209,9999.986194613304,9998.591419083088,19694,1,14081,False
72,1.6393309910582352,8.179541120102412,9.818872111160648,10008.154586160737,9999.975045040635,9998.335714049577,5922,2,33775,False
76,2.222968668883412,8.571706855269865,10.794675524153277,10008.562177023416,9999.990470168146,9997.767501499262,28214,2,25616,False
80,2.2817743048575894,8.716613590574813,10.998387895432401,10008.687746814905,9999.97113322433,9997.689358919471,1424,3,53830,False
84,2.12311471678681,9.27411733468383,11.39723205147064,10009.253034808024,9999.97891747334,9997.855802756552,15852,3,35560,False
88,2.4548875253658426,9.559241729069727,12.01412925443557,10009.554198402204,9999.994956673134,9997.540069147768,8034,4,51412,False
92,2.888496498490045,9.849243887716236,12.737740386206282,10009.825614403453,9999.976370515737,9997.087874017247,10500,5,59446,False
96,3.759596277450229,10.169685750938743,13.929282028388972,10010.156006452215,9999.986320701275,9996.226724423825,21094,6,69946,False
100,4.590597550419593,10.479240205027573,15.069837755447166,10010.441339122315,9999.962098917287,9995.371501366868,26045,6,85118,False
104,3.5446088189659815,11.143193391988921,14.687802210954903,10011.142539119608,9999.99934572762,9996.454736908654,2885,6,82949,False
108,4.0206288792709985,11.89862858873321,15.919257468004208,10011.895105649926,9999.996477061193,9995.975848181923,11527,7,85834,False
112,4.580025750693899,12.215971461016325,16.795997211710223,10012.179823374336,9999.963851913319,9995.383826162624,13546,8,97361,False
116,4.93050568925629,12.64360757175422,17.57411326101051,10012.620907312754,9999.977299741,9995.046794051743,8487,9,110907,False
120,4.568917101763383,13.202318435735233,17.771235537498615,10013.173826162656,9999.971507726921,9995.402590625157,8520,8,102118,False
124,4.782170124355134,13.650201938070687,18.43237206242582,10013.636470902233,9999.986268964161,9995.204098839806,5164,9,110638,False
128,5.32657651413574,13.864498538683025,19.191075052818764,10013.851175582047,9999.986677043364,9994.660100529229,13183,10,115802,False
132,6.116075213963217,14.034711450262218,20.150786664225436,10014.01951522282,9999.984803772559,9993.868728558595,27152,10,120951,False
136,6.319169397756058,14.612620469690011,20.93178986744607,10014.586366995523,9999.973746525833,9993.654577128076,15418,10,137603,False
140,6.326809174901579,15.144729921063025,21.471539095964605,10015.129227022027,9999.984497100964,9993.657687926063,21279,10,131927,False
144,6.450119307639567,15.5122298056797,21.962349113319267,10015.496498466728,9999.984268661048,9993.534149353409,2986,11,153206,False
148,7.466870405476804,16.11580686564704,23.582677271123845,10016.114253239166,9999.998446373518,9992.531575968042,24621,12,156192,False
152,6.636571166082974,16.391677831790773,23.028248997873746,10016.367583993242,9999.975906161451,9993.339334995368,5939,12,154768,False
156,7.07860454211359,16.902897007323787,23.981501549437375,10016.89111551628,9999.988218508957,9992.909613966844,10704,13,160707,False
160,7.161857464953437,17.20568720565029,24.367544670603728,10017.18713366993,9999.981446464279,9992.819588999326,2016,14,171411,False
164,7.240402633227935,17.696763898916068,24.937166532144005,10017.681282196963,9999.984518298048,9992.74411566482,1902,15,173427,False
168,7.233464889657948,18.160220044049353,25.393684933707302,10018.129557460108,9999.969337416058,9992.7358725264,2717,15,172444,False
172,7.513411101925469,18.671483223257756,26.184894325183222,10018.662964408699,9999.991481185441,9992.478070083516,18306,15,163634,False
176,7.405710892219952,19.23161499203416,26.63732588425411,10019.208361331974,9999.97674633994,9992.57103544772,10938,15,168394,False
180,7.4500215996639785,19.671565187489623,27.121586787153603,10019.651668693868,9999.98010350638,9992.530081906716,1073,16,179332,False
184,7.163509308660577,20.771575514418434,27.93508482307901,10020.75390463989,9999.982329125472,9992.818819816812,15233,14,158234,False
188,6.655980329641867,21.37982105473301,28.035801384374878,10021.357512238195,9999.977691183462,9993.32171085382,893,14,160284,False
192,7.038836404864199,21.737369342458297,28.776205747322496,10021.735553707647,9999.99818436519,9992.959347960325,9271,15,161177,False
196,6.601180414657503,22.183881733717143,28.785062148374646,10022.169651429293,9999.985769695575,9993.384589280917,16554,15,143296,False
200,6.9501323977907905,22.57329104246182,29.523423440252607,10022.551804145582,9999.97851310312,9993.02838070533,8450,16,159850,False
204,7.015256335944778,23.09728960845899,30.112545944403767,10023.072875924963,9999.975586316505,9992.96032998056,1577,17,168300,False
208,7.052340227170067,23.55968149605628,30.61202172322635,10023.555879691501,9999.996198195446,9992.943857968276,898,18,169877,False
212,7.262743819367001,23.784144802497227,31.046888621864227,10023.763922082255,9999.979777279757,9992.71703346039,5095,19,170775,False
216,7.360243894180929,24.165827394661296,31.526071288842225,10024.136914819399,9999.971087424738,9992.610843530556,17779,19,160452,False
220,7.4000946236156775,24.70418339279553,32.10427801641121,10024.683242819849,9999.979059427053,9992.578964803437,965,20,178231,False
224,6.630624528737271,25.15413161125437,31.784756139991643,10025.135988892966,9999.981857281711,9993.351232752973,2646,20,157917,False
228,6.686869806965381,25.810675722302776,32.49754552926816,10025.772906267786,9999.962230545483,9993.275360738518,1362,21,160563,False
232,7.1054470023546115,26.344644100194806,33.450091102549415,10026.326415009666,9999.981770909471,9992.876323907116,13122,21,158939,False
236,7.079719536615909,26.82445044926844,33.90416998588435,10026.802209247418,9999.97775879815,9992.898039261534,23998,21,147440,False
240,7.406412925795487,27.564091160417334,34.97050408621282,10027.536120351431,9999.972029191014,9992.56561626522,7911,22,171438,False
244,7.70333183215387,27.972851598579233,35.676183430733104,10027.965894009214,9999.993042410635,9992.289710578481,7190,23,179349,False
248,8.204748989456162,28.410086065815296,36.614835055271456,10028.409213350973,9999.999127285158,9991.794378295703,18081,23,180600,False
252,8.083338476981385,28.931634468612312,37.0149729455937,10028.902684157154,9999.971049688542,9991.88771121156,7764,23,187977,False
256,7.863395487375718,29.439208289813934,37.30260377718965,10029.432224718219,9999.993016428405,9992.12962094103,1309,21,189106,False
260,7.575768201869997,29.89175095153678,37.467519153406776,10029.884881357346,9999.993130405808,9992.417362203938,11341,21,172109,False
264,7.654478554515209,30.059645182265726,37.714123736780934,10030.039958541833,9999.980313359567,9992.325834805051,1906,22,183450,False
268,8.168036763064979,30.67159093504221,38.83962769810719,10030.64069230424,9999.969101369197,9991.801064606132,12436,23,185356,False
272,9.795887440358593,30.749335334511848,40.54522277487044,10030.741385109992,9999.99204977548,9990.19616233512,39419,24,197792,False
276,11.28473546969639,30.78885726202724,42.07359273172363,10030.78203019526,9999.993172933233,9988.708437463536,36053,25,237211,False
280,11.400529713566891,31.169302536968903,42.5698322505358,10031.146910161251,9999.977607624282,9988.577077910715,13742,25,262326,False
284,10.856907949547177,31.7482973605933,42.60520531014048,10031.738268053856,9999.989970693263,9989.133062743716,3142,24,259762,False
288,10.952178035356466,31.93891023998963,42.8910882753461,10031.938786744568,9999.999876504578,9989.047698469221,899,25,264312,False
292,11.13594564777577,32.17643955160537,43.31238519938114,10032.16358917849,9999.987149626884,9988.85120397911,914,26,268747,False
296,11.137762675853624,32.758548442850376,43.896311118704,10032.731245742456,9999.972697299605,9988.834934623752,1056,25,268649,False
300,11.475606010056396,33.65876932972468,45.13437533978107,10033.642374336589,9999.983605006864,9988.507998996807,24495,25,253391,False
304,11.322521394497214,34.371506318103314,45.69402771260053,10034.351064826418,9999.979558508316,9988.657037113819,4743,25,269436,False
308,11.685101088214404,34.83242696075415,46.51752804896855,10034.798996153604,9999.96656919285,9988.281468104635,10357,25,272602,False
312,11.484195597333523,35.10485138765206,46.589046984985586,10035.103743490732,9999.99889210308,9988.514696505747,1128,24,276966,False
316,11.58363658850334,35.30904186432378,46.89267845282712,10035.304305056688,9999.995263192364,9988.411626603862,20187,24,260315,False
320,11.96872265273031,35.53645645039891,47.50517910312922,10035.527847258132,9999.991390807732,9988.022668155003,9325,25,280502,False
324,12.362480896419765,36.41235493240938,48.77483582882914,10036.398347994556,9999.985993062148,9987.623512165728,9535,26,289827,False
328,12.055031486428367,36.887924796527614,48.94295628295598,10036.861839964336,9999.97391516781,9987.918883681381,6886,25,285031,False
332,14.06334306556896,37.431964097061844,51.4953071626308,10037.418325494462,9999.9863613974,9985.92301833183,40536,26,300013,False
336,14.336392830359172,37.805925086336835,52.14231791669601,10037.803382243397,9999.99745715706,9985.661064326701,15368,25,331793,False
340,15.814751652156632,38.22259276172828,54.03734441388491,10038.19910382582,9999.976511064091,9984.161759411934,28631,26,354329,False
344,14.90161245084974,38.73820519352651,53.63981764437625,10038.733805465905,9999.995600272377,9985.093987821529,894,26,359954,False
348,14.93861374988967,39.64981022357804,54.588423973467705,10039.613882336764,9999.964072113185,9985.025458363296,896,27,360848,False
352,14.670230443572128,40.354939389017375,55.025169832589505,10040.32495294078,9999.970013551763,9985.29978310819,1412,27,353833,False
356,15.688715977301863,40.607004366991895,56.295720344293755,10040.584653106276,9999.977648739285,9984.288932761983,24663,28,355245,False
360,15.570031006943866,41.050297538794744,56.62032854573861,10041.042157623197,9999.991860084401,9984.421829077457,4316,28,372718,False
364,15.049617647009466,41.7787096866521,56.82832733366156,10041.776607285236,9999.997897598583,9984.948279951574,5479,28,358953,False
368,15.256056814309266,41.98619736515244,57.24225417946171,10041.953659684646,9999.967462319493,9984.711405505184,4999,29,364432,False
372,15.2924799680517,42.43296312251883,57.72544309057053,10042.397321817774,9999.964358695255,9984.671878727204,882,30,369431,False
376,15.156491934861414,42.972942468957434,58.12943440381885,10042.95887282349,9999.985930354533,9984.82943841967,5780,29,361240,False
380,14.72593887259542,43.404623786936284,58.130562659531705,10043.391349535666,9999.98672574873,9985.260786876133,915,29,355679,False
384,15.744465702417832,43.801161661440965,59.5456273638588,10043.787954355377,9999.986792693937,9984.24232699152,26570,29,354688,False
388,15.435777409646079,44.48976388178293,59.925541291429006,10044.461886476121,9999.972122594338,9984.536345184692,4961,29,368822,False
392,14.175627141561788,45.41962369908921,59.595250840651,10045.385774515764,9999.966150816676,9985.790523675114,8904,29,334364,False
396,14.47039865110089,45.8853529636556,60.355751614756485,10045.877226767887,9999.99187380423,9985.52147515313,7138,30,343268,False
400,14.545103282756287,46.358115241268884,60.90321852402517,10046.317479503188,9999.95936426192,9985.414260979163,1809,31,350406,False
404,15.47360463053958,46.587756665853824,62.0613612963934,10046.55584943527,9999.968092769415,9984.494488138876,22484,32,352215,False
408,16.51690911596909,47.471763510378835,63.98867262634792,10047.44880716327,9999.97704365289,9983.460134536921,25264,33,374699,False
412,15.69292817875507,48.00372874565151,63.696656924406575,10047.99548917859,9999.991760432938,9984.298832254184,16100,33,363910,False
416,15.967505898974386,48.66419427358668,64.63170017256107,10048.650569842977,9999.986375569391,9984.018869670417,6649,34,380010,False
420,16.04613365943424,48.998216503510896,65.04435016294514,10048.992150940385,9999.993934436874,9983.94780077744,1904,35,386659,False
424,16.946058111084014,49.66731652263712,66.61337463372114,10049.642576325174,9999.975259802537,9983.029201691454,21792,36,388563,False
428,16.98297681793859,49.80308549699129,66.78606231492988,10049.770892811766,9999.967807314775,9982.984830496836,894,37,410355,False
432,18.136541870819684,50.27914863416119,68.41569050498087,10050.25108414837,9999.97193551421,9981.83539364339,27934,38,411249,False
436,18.584521884196,51.12851058842775,69.71303247262375,10051.11597593064,9999.987465342212,9981.402943458015,24590,38,425441,False
440,18.930624436934472,51.42163947373025,70.35226391066473,10051.393455218407,9999.971815744677,9981.041191307742,8381,39,450031,False
444,18.29780311272921,52.018799418378656,70.31660253110786,10052.014511936586,9999.995712518208,9981.697909405479,15182,35,427906,False
448,18.55466480918945,52.282844987457175,70.83750979664663,10052.267699570892,9999.984854583434,9981.430189774244,6220,36,443088,False
452,18.639858648385186,52.94961210420157,71.58947075258675,10052.922594803558,9999.972982699357,9981.333124050972,2063,37,449308,False
456,18.744544243325173,53.482750580507364,72.22729482383254,10053.471724101133,9999.988973520625,9981.2444292773,2535,38,451371,False
460,19.485272257699346,53.926529469960656,73.41180172766,10053.90785884312,9999.98132937316,9980.49605711546,22680,38,449163,False
464,19.454713149117257,54.43774362754629,73.89245677666355,10054.40882104615,9999.971077418604,9980.516364269486,9617,38,461486,False
468,18.446923303391255,54.96228327700852,73.40920658039977,10054.945998038484,9999.983714761474,9981.536791458084,2324,38,444375,False
472,18.90844843516612,55.621025989784926,74.52947442495105,10055.600361893908,9999.979335904123,9981.070887468957,11176,39,446699,False
476,20.01927203212497,55.85697331321327,75.87624534533823,10055.85002259039,9999.993049277176,9979.973777245052,26899,40,457875,False
480,21.03461906281114,56.06087980414793,77.09549886695908,10056.023982589577,9999.963102785428,9978.928483722617,24587,41,484774,False
484,21.17684280599588,56.43041092689043,77.6072537328863,10056.39989076031,9999.96947983342,9978.792637027424,3444,42,509361,False
488,21.336947757310405,56.604529672343986,77.94147742965438,10056.59375920088,9999.989229528535,9978.652281771225,3877,43,512805,False
492,20.548109794965782,56.90039091048771,77.44850070545348,10056.88001406185,9999.979623151361,9979.431513356396,1085,43,496495,False
496,20.927868663237227,57.40204295402534,78.32991161726257,10057.398217832562,9999.996174878537,9979.0683062153,9196,44,497580,False
500,21.097265235404418,57.824621681010015,78.92188691641444,10057.809445719557,9999.984824038547,9978.887558803142,4102,45,506776,False
504,20.790724339451945,58.25811597818901,79.04884031764095,10058.244981501257,9999.986865523068,9979.196141183616,1902,45,501553,False
508,20.716350076537974,59.038291972208555,79.75464204874653,10059.0136203688,9999.975328396591,9979.258978320053,2662,45,498992,False
512,21.52971791793362,59.600095251000965,81.12981316893459,10059.57414252206,9999.97404727106,9978.444329353126,16710,45,504640,False
