Request Id,request_model_execution_time
5,0.410743856566235
6,5.750299099805457
11,3.554500057193902
4,11.632268706126943
15,0.8210973305223007
1,20.16845966643394
2,19.960383329904044
7,20.231149251001437
9,17.716023639758628
16,5.389303422750197
8,20.859514967316347
25,4.32444168244597
14,12.52147229250631
27,0.8502559312885115
12,23.905370297676352
17,12.600512521187529
10,26.02342742213535
3,31.019784440771307
29,0.7241986057023423
34,0.5555658934057373
20,13.209081586378133
18,16.985028034282436
13,19.06230947962655
21,14.718303040986816
37,0.9789589925959723
26,12.396307608319535
23,14.700040963064955
22,16.407641548443383
35,9.435419806428332
33,10.201244398896659
32,12.115610488128654
46,4.83487668726293
38,7.813403222018777
42,8.741014776913508
45,7.912978096009644
43,9.174694694700623
44,11.449473501555271
30,20.386945814437418
36,16.55541415926197
31,21.069150363977485
48,11.690821533372493
19,33.54295652345548
58,0.9588453203918597
49,13.136476753539794
24,30.033472044512628
53,8.038342134226175
40,18.052327017207645
28,25.27195640409827
39,19.10592703960628
50,14.332506743316609
57,3.708343471154151
41,20.083989819021586
64,1.8453886104297053
47,16.938837536986448
68,2.36486822095076
52,14.093350769362019
65,7.066907000757685
66,6.551028120886348
55,14.780114511002422
59,11.860382485460732
74,2.0642119477189245
51,22.78017695301448
56,17.444042038972427
62,13.246711940197773
60,14.260357680758853
54,21.677103049984897
72,9.330884402319406
67,12.759786660224192
61,18.92153339987437
80,1.5457932359294841
71,14.180285670227063
63,19.228016351791645
70,15.791891821784318
85,0.48876398363362455
76,11.298313823775134
75,11.964636951893098
77,9.558926940539916
69,18.766315625794217
89,1.6844183251544322
78,14.480780678482292
73,23.605482073691327
84,14.079437486430933
87,14.186972237974143
79,22.090057884326512
83,17.795149887505666
95,2.3187909462647065
81,24.7343969291263
82,25.16450592293703
88,23.239178080782015
86,26.166158503371996
90,22.5753787783198
92,20.98874929452723
91,31.015321468206686
94,27.095153125934118
93,33.391671452030394
103,1.021482444323249
109,1.413834105781146
100,8.612569725374765
97,30.266044094471187
111,7.552694501020211
96,41.73547044570331
114,7.213657253314184
105,14.745218226087472
116,11.485695245835975
115,11.965956187037872
110,17.441400766786714
99,22.09636138471075
117,13.431550980771382
120,10.916935707722557
104,21.916764876532582
113,15.654084919730831
106,21.802249434832245
98,40.96049436458893
108,23.482900220073873
102,25.210046191107082
122,3.451193265623461
101,25.51144533663359
112,23.6915571478927
107,27.516183430073298
130,1.1733905055435874
118,26.328300218875906
123,14.355228040480009
119,29.969860449839302
134,4.943927607858306
129,10.000658260140346
121,20.00663561858672
139,0.3765749132794556
124,21.042728113159086
137,5.043598978682047
127,14.299302732235944
135,10.443781663934521
128,16.0295222262137
126,16.649104738304434
149,0.7365817257571213
151,1.0348928227460281
147,2.202760557425995
132,16.899001158626568
125,20.668123395604884
136,12.914105632559046
159,0.6410700765211627
133,19.61411866742855
138,12.697929654351919
160,1.362637832544915
131,20.9166144840577
166,0.8886362847623005
152,5.758775536080342
156,4.471724656155199
141,14.440593457741896
143,15.0737175951583
142,15.820666099038586
155,7.554878298574481
145,13.015391669509912
140,17.65533853169474
168,4.352056581297645
158,8.44402586823739
171,1.92430601561355
153,11.578808783598067
167,6.5707014298618605
154,11.305435950775559
157,9.622859386041586
150,13.175705860229485
148,14.009543403835178
144,21.587565371479826
164,11.90431075692314
165,12.771000364292092
163,17.913649170325474
173,12.869500476670073
176,17.834905571317453
170,25.927918959705895
178,22.341955948748183
175,23.461930986241594
174,25.26708991429419
172,26.141776412944502
169,29.372376628108732
161,32.84066940702831
162,32.84044311695471
146,38.247237338665514
177,25.143419217316016
186,1.4949481452782498
179,30.422439011523778
188,5.187579949307257
184,10.337434264949685
181,13.41554897913109
185,13.613418045700016
197,1.0732497625220287
183,14.410614756775534
191,4.184232259158331
189,13.308898054678721
199,1.8107316549280685
187,14.902353764610453
180,28.090877740202945
182,19.7075808115421
207,4.994970481091737
190,21.935135200331157
196,12.029210263015079
192,17.53493467087199
205,10.469378905661936
198,16.112968758425808
200,16.794912546884802
195,19.74828025231662
208,14.221876426616024
206,15.172842914532495
204,18.997031349188042
193,27.03356072194174
201,21.37870003941599
203,21.319968946058427
222,2.730925643078109
210,17.83422882622885
209,18.175687608162132
202,27.407138303839886
218,13.852833663609973
212,18.996002456691897
194,34.213029124695886
227,0.46839202757423504
211,23.158517777702492
223,7.389039422011308
216,17.35266876566128
231,0.8541390781550235
214,19.834132447340618
219,17.512576761857773
213,22.454753586361864
235,0.8271572482439007
229,6.350732576377517
217,23.808639794379125
221,21.767197854772533
232,14.010203537673952
226,17.71014974606613
220,31.06854769202702
225,20.338454937823784
241,1.2382038158429767
215,35.07071771598364
236,15.650124414443692
224,22.681227175772936
239,5.700195411719709
228,23.5964688099191
230,23.426371797768876
240,7.371085580568788
234,23.871723169881097
237,24.8446151693717
247,2.527073322127173
233,30.37115316849478
242,16.264064668508837
257,1.2047030325561978
258,0.9153435441543009
243,17.095046135808346
253,3.6986825973349946
244,17.39338014214696
251,5.998558241010714
238,31.757421640616837
245,18.363899265181498
249,11.202243789950847
246,24.498194960371446
248,16.804496826764268
250,15.95505639684997
268,1.3539291244417557
259,11.897515433508469
261,11.61885158175119
263,12.675105219150872
252,17.947212587696214
256,16.316231785229558
255,17.70001711900617
254,20.622987981229496
270,5.831048317488127
269,11.522249515836613
278,4.119785076147122
264,21.889458044064526
279,4.6931764963429154
266,20.926041035754828
262,24.777630138647154
271,14.88129877365951
286,0.9875903340494597
277,12.371590917242427
276,13.765353975782899
267,29.2084068695368
260,34.60881373590154
272,20.361868261307087
293,0.1421629805529484
275,17.289206241049747
284,10.396793398944803
281,14.404895088375593
273,25.435121625323923
280,15.924457397950913
289,10.014790548012082
283,17.34131110643986
285,16.57215313952013
302,0.48635066548962447
294,11.985301799556572
274,30.83090464394163
290,16.31181609411632
300,4.76227413302305
297,14.587682980244315
305,1.8027626450081469
308,1.8019102718454798
287,27.9156624737718
295,20.647408280912284
291,23.691067279619553
288,25.27905531414105
311,3.2206373025425115
314,2.0054740121941603
298,21.67224282438076
313,5.421223372629008
318,1.4211457443091458
304,13.458745826958676
319,2.8764641669452264
320,2.1022359182238732
301,18.82885686088223
306,14.637062913659582
265,62.44003596731204
299,21.302047094954784
309,14.541694532884092
296,31.323676646139045
310,13.846438964573698
323,3.921670326523254
307,17.937869898798724
303,24.281400834142996
326,6.166156054229824
316,17.445308237915274
315,20.002483838596046
333,1.6343526923462437
340,0.655242604341963
325,13.802106338450125
332,3.6658830226935075
321,19.756479469762418
339,2.932194890144956
312,26.842192975875097
334,4.349057966849869
322,21.13890929931971
317,23.479881058695145
335,6.373955818539342
324,20.909335529025597
358,0.7749743986214653
330,13.285475059638333
351,6.195919206119469
341,11.404368240005859
344,10.208861532825514
346,9.822029279477448
343,11.88967840611271
336,12.432693282052501
352,7.937226333651201
338,13.312763908702957
345,11.53811484987082
357,7.543787209804388
349,12.096338772485048
328,21.395072626275777
348,13.11074586216613
360,9.643571921707395
355,12.219931426656432
282,73.0806223418594
347,17.0629960276654
331,22.646460953424015
363,8.76479387270264
372,4.151050318111594
362,10.325168741656121
365,7.722121566253483
350,17.868934916862123
354,15.524077579740343
379,2.5831393095648885
361,14.319099687919195
369,9.67397107467677
367,10.55640115279228
374,8.825211580443005
371,14.24663538396883
368,19.882141988652315
373,17.470398523073502
370,19.205433542335317
388,1.736385020329591
378,17.879885431148566
376,19.995508759475218
380,17.147984887021394
377,20.339394747698947
393,6.578056776040269
385,15.147485699879367
382,26.35175502877523
386,15.632647534704589
390,18.27955303116939
396,2.211130458730991
384,22.572679953221485
383,22.992578041065553
381,34.24890002917954
391,19.63174194832453
394,18.74743140693342
389,24.081783938682534
392,22.79487762128077
413,0.9956652710642391
408,5.649225914204717
435,2.713445613089072
398,19.829959260321047
407,15.301941794269108
402,18.156567945049726
412,14.633773499376359
401,20.449665257412835
397,23.29868616396023
447,6.036661366326897
432,11.009886893232645
438,10.498317345512232
446,9.289580215585076
425,15.319390826521996
409,27.677587754273407
436,19.1536878429235
439,17.516077400502894
437,19.07468605048911
433,22.953826781768832
426,26.057637586813723
453,20.731411069618876
455,20.703855591915627
449,23.31159180707397
451,22.196414102311635
462,18.655487675286928
441,26.070645470098924
442,25.13298752276808
443,25.122947021119607
459,19.549850603236585
364,85.06686781134003
466,19.388609844101346
471,18.36001927908304
458,20.65067980941811
457,22.47788142438278
464,20.0231988570212
450,25.848790365297706
454,23.628964528843877
470,19.903513770232344
468,20.461805038667297
405,50.128384138178916
