Time (sec),request_completion
1.7852549412463163,1
14.069574117250587,2
15.980442607817174,3
18.164824500350477,4
24.19609659097471,5
27.04250649755136,6
30.19753904006494,7
30.2991391813566,8
30.692288707035672,9
31.89879028817844,10
34.93392655162313,11
35.34966571413164,12
35.50449275432056,13
35.67276427672327,14
36.565469673079996,15
37.546475497706815,16
39.41297883740245,17
40.51231401252232,18
41.90838647246511,19
43.78983622542042,20
45.4111081647567,21
45.66125916290269,22
46.84535378339776,23
48.88380821885548,24
48.96226760487441,25
49.46726289883122,26
50.29456184366856,27
50.647542983411775,28
50.69950994401966,29
50.69950994401966,30
51.04339344887903,31
51.63169104368904,32
51.90519024987728,33
52.06651395843588,34
52.82917006714025,35
53.57091771233632,36
54.8698636818725,37
55.91264773645601,38
56.12835529336711,39
57.10812883548411,40
57.21401205230126,41
58.19721292604656,42
59.73648190871777,43
61.57942595103754,44
62.46128724757621,45
62.99049478329738,46
64.51260277101895,47
65.5148568421799,48
66.79182209389532,49
67.54535007766604,50
69.02658536590657,51
69.6822034231448,52
70.37061815324813,53
70.71084309649592,54
70.94246536624634,55
71.00433284511281,56
72.07211140742763,57
72.8642072775103,58
73.07311667679245,59
73.2985928140726,60
74.12104370710493,61
76.55929235218524,62
77.14481898628208,63
77.98391546834618,64
78.39905663896057,65
79.12318366756402,66
79.20407299122745,67
79.54206568842349,68
81.01363120877446,69
82.28411728533418,70
83.25135396291363,71
83.88696254725463,72
84.62540850638759,73
85.77069168424545,74
85.84847044888656,75
86.81033472869487,76
86.97399595968302,77
89.02269465570039,78
90.55719670647274,79
94.93504457704732,80
96.86220437279822,81
99.4360535740352,82
103.30157415322627,83
107.92191294777557,84
108.88610110543036,85
110.38976931960566,86
110.62607593546107,87
112.96831505518023,88
115.49422783967218,89
115.87489045788611,90
116.40017826437116,91
116.70027376674776,92
117.93185313273231,93
122.23658144350297,94
123.9968844297973,95
124.15019207962706,96
124.20469998759343,97
125.03590711861146,98
127.3155975927357,99
128.16325392042893,100
128.83780515462595,101
129.2865985325463,102
129.51145220530472,103
130.4913118853972,104
132.4990649191729,105
133.2618385689808,106
133.7048250603792,107
134.28763340140807,108
134.846194391571,109
135.4549653313306,110
137.3473459115719,111
137.5738260192107,112
137.6263043560027,113
138.19578707893155,114
139.06749871362794,115
139.778615672403,116
139.8824086184904,117
141.64824330532397,118
142.2543838070599,119
142.89876684732306,120
143.32905653542312,121
144.45453670839072,122
144.45453670839072,123
145.00103304590957,124
146.5007224685489,125
148.36785074389775,126
148.79019898514437,127
149.3004764273349,128
149.8376129835322,129
150.10539697285856,130
150.28341954568168,131
150.6894378497866,132
151.29318334474965,133
151.81258024389834,134
152.09964905247844,135
152.2356356286731,136
152.7588940253587,137
152.96857385440072,138
154.1211220862509,139
154.892104226146,140
155.35009609179627,141
155.57389009274883,142
155.73140996435993,143
157.02911996322845,144
157.99675477842007,145
158.0497288712611,146
158.39737232290904,147
159.07893135087124,148
159.62491975803144,149
159.9592598637943,150
160.11560196854703,151
160.3962684031464,152
160.4566078577197,153
160.64743252854325,154
161.38502188534272,155
161.96753463671752,156
162.85970858738742,157
163.0857665781042,158
163.4207401702145,159
164.99172423524146,160
165.11447874921407,161
165.2767278749074,162
166.89091434573194,163
167.48832090440294,164
167.61746439419483,165
168.16835304202732,166
168.7777873200546,167
169.39075858681406,168
170.20251115602954,169
170.3781646377648,170
171.12792283592805,171
171.85031533823667,172
172.72987712944905,173
173.4708736489268,174
174.36510718520165,175
174.4904946744145,176
174.59882820829498,177
175.83395663046167,178
176.1156536613873,179
177.25622386879664,180
177.32051892610474,181
178.44110748247164,182
178.5539397112714,183
178.83752345083926,184
179.56478818063218,185
181.44338823226212,186
183.2954733085396,187
183.84670088509034,188
184.568340325312,189
184.83435374297332,190
185.71266043291183,191
185.9855674170481,192
187.63070073794114,193
188.5319758303904,194
188.87910679722938,195
189.37215491739045,196
190.58075104436347,197
192.92729017780255,198
207.98841277645855,199
216.59572985210815,200
223.72314554209706,201
239.5832908357432,202
240.27393035513293,203
262.00049242978463,204
263.4598443456433,205
284.64866525603145,206
295.8524164840668,207
297.9722916659442,208
300.2023303385673,209
312.1831343568168,210
313.9449833431469,211
315.482710623537,212
325.0828509666956,213
326.3139669735786,214
329.2669008721147,215
346.1105292972281,216
352.9163445144905,217
384.59293090937354,218
401.20871370199865,219
405.38822423879515,220
424.49550516748957,221
431.03416446643394,222
476.86611880563686,223
479.97219798102816,224
495.6717422291233,225
499.7191191983592,226
504.55267185656146,227
504.67172934865056,228
505.2434940533915,229
506.1519036121486,230
509.6372550375197,231
509.68719842899753,232
511.3767963268417,233
511.6487574379499,234
513.5304045477517,235
514.544269723571,236
516.0324871079506,237
520.3295389707553,238
522.8742972748762,239
543.4018089721467,240
608.2929848264516,241
610.5624343713989,242
675.3086565541264,243
699.053427588066,244
740.4708604929787,245
764.9926487719101,246
782.6333247154054,247
790.6923301645757,248
793.2587026132073,249
796.6021185116351,250
798.0159616288456,251
799.0539963884679,252
800.2273175690287,253
802.1909197747486,254
804.5363795625624,255
806.0221818098827,256
808.1985155740085,257
811.587701253889,258
812.0475235639744,259
813.1304216241247,260
813.4742608631228,261
814.0145525086753,262
816.0499153733546,263
816.2237544067489,264
818.1789458175906,265
821.0252894642609,266
821.6313093994381,267
821.8991762312595,268
829.797414686511,269
861.2267464992818,270
864.0147412891681,271
885.5874600848418,272
929.1569981735964,273
937.043902330386,274
998.4567472741787,275
1000.5606253906296,276
1018.0898101666722,277
1067.378485027134,278
1078.1454518160742,279
1090.260202866033,280
1114.0928425263655,281
1127.9602642752373,282
1139.0870952034325,283
1144.2324660232705,284
1217.8658051928385,285
1227.5071541513832,286
1243.65707197507,287
1263.0659383876525,288
1267.1352608505974,289
1269.2871806404996,290
1273.599520261473,291
1275.266961641542,292
1276.1498044573525,293
1277.4118075081628,294
1282.3466248029888,295
1283.9148106119967,296
1285.0643932153596,297
1290.5197087327967,298
1296.742514700124,299
1302.5796115197556,300
1306.5448045490473,301
1309.5481217888555,302
1313.5413604645478,303
1313.9211992511803,304
1316.0119242981054,305
1317.7086241964046,306
1318.6548060931893,307
1319.5737639442457,308
1320.9659800098866,309
1322.1947838698643,310
1324.8296394230797,311
1324.897814743883,312
1325.6539235324485,313
1330.2119620800931,314
1344.3140120540454,315
1357.1669940241832,316
1364.2603075575746,317
1376.2275771352977,318
1422.1169704717072,319
1453.514713022066,320
1469.5773948347046,321
1472.507634276967,322
1481.36900414736,323
1487.0321686036546,324
1487.0839007270706,325
1492.2755373266343,326
1494.9053930176542,327
1495.8460489547854,328
1496.7843600401443,329
1512.480243814629,330
1553.9209135188619,331
1566.12292875254,332
1651.2136329482216,333
1678.4273463050326,334
1751.284759321476,335
1784.334890086509,336
1836.876585987845,337
1845.5365278133227,338
1868.9320376030328,339
1874.8168763514122,340
1881.2823762616533,341
1889.2618453490263,342
1889.7837214621247,343
1890.7764678004298,344
1891.7718925207896,345
1892.1053992330067,346
1893.6353955634395,347
1896.5117442620513,348
1897.6151235084271,349
1898.5072827247388,350
1898.6745326495236,351
1900.5515717274154,352
1901.7896494622096,353
1905.3981703257166,354
1907.5547767348617,355
1913.067433459617,356
1922.3743946941356,357
1923.8494847139714,358
1925.7339943026125,359
1926.8769086064442,360
1930.3080116998306,361
1930.6157000172589,362
1931.423775926427,363
1932.421440530431,364
1932.6362025672092,365
1934.8799676172364,366
1934.9332419788605,367
1936.26528835098,368
1938.16881086341,369
1939.3993474484728,370
1942.6354195919682,371
1945.6135515171513,372
1948.5608903939126,373
1949.1312070761555,374
1950.5651448493359,375
1954.596495738375,376
1970.3802594214062,377
1989.0050823905717,378
1991.8226101672844,379
1997.394214562423,380
1999.8080439793557,381
2002.0282060235454,382
2012.2336541593763,383
2030.361347326178,384
2038.4089744151577,385
2045.415606522781,386
2053.896401193595,387
2064.338778793551,388
2083.8715833681367,389
2088.015029911445,390
2104.336012620391,391
2110.837219355927,392
2113.281056939204,393
2119.3792495953544,394
2127.4299089174606,395
2141.049994161546,396
2175.765393392947,397
2178.6036571667787,398
2180.380834744851,399
2185.177030630821,400
2190.2779344948444,401
2193.7210700478536,402
2221.991862645209,403
2243.996676091055,404
2257.6633430778397,405
2260.380725470434,406
2274.1418783193512,407
2280.4367854795596,408
2310.86357922815,409
2332.3699209311476,410
2341.6960329770795,411
2343.119584853442,412
2349.8839098041626,413
2361.628952936239,414
2363.5851372131724,415
2364.451401400321,416
2367.909455544909,417
2398.573887904291,418
2403.335878791191,419
2418.3940361612085,420
2424.255163585116,421
2428.4411266603893,422
2432.0089570596733,423
2432.161355186124,424
2433.0187488467495,425
2433.7596459812034,426
2434.2434799348644,427
2436.9081563462923,428
2438.438469691603,429
2439.308523049486,430
2439.6883797604687,431
2439.7479288564164,432
2441.8695997966774,433
2446.5701125466376,434
2447.0526818608414,435
2449.94693593961,436
2451.38965191775,437
2470.228717472979,438
2472.191654067733,439
2474.637230569954,440
2492.2514503876314,441
2495.8607537851526,442
2514.3094480787,443
2522.1767544083427,444
2526.893396837763,445
2527.683206719461,446
2534.3393524341277,447
2538.5296370129163,448
2541.7921986114648,449
2545.242746662726,450
2545.404840288237,451
2550.74561217246,452
2550.9151180266986,453
2553.640322564469,454
2560.4796963417853,455
2562.114793041267,456
2563.4576134005893,457
2564.032412793519,458
2566.1314432512168,459
2566.9142084333525,460
2567.7843703127664,461
2568.5458518435307,462
2568.65913002592,463
2580.9663549714587,464
2604.861141833487,465
2605.4863725590553,466
2608.288560807286,467
2608.683905773496,468
2608.9287148582634,469
2611.4839710681686,470
2615.157982966643,471
2617.9546116008064,472
2619.4717938090425,473
2620.6286321239268,474
2623.125445635336,475
2623.5317196096444,476
2624.782200978153,477
2625.0027996507374,478
2626.2433127479235,479
2644.535248829655,480
2684.9247611347396,481
2711.0952266601316,482
2734.8065906396305,483
2740.142143357349,484
2743.9158073230938,485
2745.6679049435684,486
2750.7901044034643,487
2751.71143102234,488
2835.3069439411775,489
2872.299822644968,490
2901.093098902366,491
2919.104035754767,492
2922.6617760810504,493
2932.9844535507527,494
2935.2699720343057,495
2955.0183913086644,496
2976.2120307473283,497
3014.4623504355536,498
3029.657811859273,499
3039.3937647172856,500
3044.019894767413,501
3107.160531343597,502
3110.7518795962314,503
3128.521326971583,504
3133.297924089431,505
3152.3144108118063,506
3157.7269452359938,507
3166.3859020362615,508
3204.617731389976,509
3291.710274881748,510
3649.946637336191,511
3816.2250457513915,512
