cdf,prefill_time_execution_plus_preemption
0.0,0.042679833988069404
0.01,0.04315757770403916
0.02,0.04363532142000892
0.03,0.044109407983360605
0.04,0.044524980104823086
0.05,0.04494055222628557
0.06,0.04532097153234296
0.07,0.04543774472286224
0.08,0.045554517913381505
0.09,0.046507814789722025
0.1,0.05136488886656175
0.11,0.05622196294340146
0.12,0.060166841164872406
0.13,0.06114708285639488
0.14,0.06212732454791734
0.15,0.06404380271457821
0.16,0.06820724842157128
0.17,0.07237069412856433
0.18,0.07518678425636956
0.19,0.07553272248899717
0.2,0.07587866072162477
0.21,0.07638772724505262
0.22,0.07712983418390941
0.23,0.0778719411227662
0.24,0.07904784903310592
0.25,0.08071178303636395
0.26,0.08237571703962197
0.27,0.08352851676903654
0.28,0.08422697492170134
0.29,0.08492543307436613
0.3,0.08712354223896916
0.31,0.09037140711192895
0.32,0.09361927198488876
0.33,0.09498638267065576
0.34,0.09532762743613582
0.35000000000000003,0.09566887220161586
0.36,0.0974788893136774
0.37,0.09990089490348122
0.38,0.10232290049328505
0.39,0.10474827377357641
0.4,0.1071746832663255
0.41000000000000003,0.10960109275907456
0.42,0.11231744532171922
0.43,0.11509592854219867
0.44,0.11787441176267813
0.45,0.1185117767026305
0.46,0.11886365920517925
0.47000000000000003,0.119215541707728
0.48,0.12779131598463783
0.49,0.13688108349744524
0.5,0.14597085101025264
0.51,0.14856949442387754
0.52,0.15116813783750246
0.53,0.15414935687349274
0.54,0.16325178586732908
0.55,0.17235421486116553
0.56,0.18274319592572713
0.5700000000000001,0.2027813175207271
0.58,0.22281943911572685
0.59,0.24326730185623882
0.6,0.26562728994247353
0.61,0.28798727802870827
0.62,0.3053367795263576
0.63,0.30640219961110404
0.64,0.30746761969585046
0.65,0.3138460987936124
0.66,0.3329759195226115
0.67,0.3521057402516107
0.68,0.3680333613964453
0.6900000000000001,0.37809028330364514
0.7000000000000001,0.38814720521084506
0.71,0.41209230660730845
0.72,0.4558776644170048
0.73,0.49966302222670117
0.74,0.5274961923693937
0.75,0.5373831513867069
0.76,0.5472701104040201
0.77,0.5825114798807338
0.78,0.6402901030991369
0.79,0.69806872631754
0.8,0.7240947169380313
0.81,0.727893864739984
0.8200000000000001,0.7316930125419366
0.8300000000000001,0.7754474395476855
0.84,0.8409956552100506
0.85,0.9065438708724157
0.86,0.9364879465306231
0.87,0.9515969638537645
0.88,0.9667059811769059
0.89,0.973733987376491
0.9,0.9782755286149819
0.91,0.9828170698534727
0.92,1.1694096232901918
0.93,1.3950131079122448
0.9400000000000001,1.6206165925342952
0.9500000000000001,1.6835742701036869
0.96,1.7248458400660558
0.97,1.7661174100284238
0.98,1.7712108427331406
0.99,1.7740431418592535
1.0,1.7768754409853664
