Request Id,request_execution_time
5,0.410743856566235
6,5.750299099805457
11,3.554500057193902
4,11.632268706126943
15,0.8210973305223007
1,20.16845966643394
2,19.960383329904044
7,20.231149251001437
9,17.716023639758628
16,5.389303422750197
8,20.859514967316347
25,4.32444168244597
14,12.52147229250631
27,0.8502559312885115
12,23.905370297676352
17,12.600512521187529
10,26.02342742213535
3,31.019784440771307
29,0.7241986057023423
34,0.5555658934057373
20,13.209081586378133
18,16.985028034282436
13,19.06230947962655
21,14.718303040986816
37,0.9789589925959723
26,12.396307608319535
23,14.700040963064955
22,16.407641548443383
35,9.435419806428332
33,10.201244398896659
32,12.115610488128654
46,4.83487668726293
38,7.813403222018777
42,8.741014776913508
45,7.912978096009644
43,9.174694694700623
44,11.449473501555271
30,20.386945814437418
36,16.55541415926197
31,21.069150363977485
48,11.690821533372493
19,33.54295652345548
58,0.9588453203918597
49,13.136476753539794
24,30.033472044512628
53,8.038342134226175
40,18.052327017207645
28,25.27195640409827
39,19.10592703960628
50,14.332506743316609
57,3.708343471154151
41,20.083989819021586
64,1.8453886104297053
47,16.938837536986448
68,2.36486822095076
52,14.093350769362019
65,7.066907000757685
66,6.551028120886348
55,14.780114511002422
59,11.860382485460732
74,2.0642119477189245
51,22.78017695301448
56,17.444042038972427
62,13.246711940197773
60,14.260357680758853
54,21.677103049984897
72,9.330884402319406
67,12.759786660224192
61,18.92153339987437
80,1.5457932359294841
71,14.180285670227063
63,19.228016351791645
70,15.791891821784318
85,0.48876398363362455
76,11.298313823775134
75,11.964636951893098
77,9.558926940539916
69,18.766315625794217
89,1.6844183251544322
78,14.480780678482292
73,23.605482073691327
84,14.079437486430933
87,14.186972237974143
79,22.090057884326512
83,17.795149887505666
95,2.3187909462647065
81,24.7343969291263
82,25.16450592293703
88,23.239178080782015
86,26.166158503371996
90,22.5753787783198
92,20.98874929452723
91,31.015321468206686
94,27.095153125934118
93,33.391671452030394
103,1.021482444323249
109,1.413834105781146
100,8.612569725374765
97,30.266044094471187
111,7.552694501020211
96,41.73547044570331
114,7.213657253314184
105,14.745218226087472
116,11.485695245835975
115,11.965956187037872
110,17.441400766786714
99,22.09636138471075
117,13.431550980771382
120,10.916935707722557
104,21.916764876532582
113,15.654084919730831
106,21.802249434832245
98,40.96049436458893
108,23.482900220073873
102,25.210046191107082
122,3.451193265623461
101,25.51144533663359
112,23.6915571478927
107,27.516183430073298
130,1.1733905055435874
118,26.328300218875906
123,14.355228040480009
119,29.969860449839302
134,4.943927607858306
129,10.000658260140346
121,20.00663561858672
139,0.3765749132794556
124,21.042728113159086
137,5.043598978682047
127,14.299302732235944
135,10.443781663934521
128,16.0295222262137
126,16.649104738304434
149,0.7365817257571213
151,1.0348928227460281
147,2.202760557425995
132,16.899001158626568
125,20.668123395604884
136,12.914105632559046
159,0.6410700765211627
133,19.61411866742855
138,12.697929654351919
160,1.362637832544915
131,20.9166144840577
166,0.8886362847623005
152,5.758775536080342
156,4.471724656155199
141,14.440593457741896
143,15.0737175951583
142,15.820666099038586
155,7.554878298574481
145,13.015391669509912
140,17.65533853169474
168,4.352056581297645
158,8.44402586823739
171,1.92430601561355
153,11.578808783598067
167,6.5707014298618605
154,11.305435950775559
157,9.622859386041586
150,13.175705860229485
148,14.009543403835178
144,21.587565371479826
164,11.90431075692314
165,12.771000364292092
163,17.913649170325474
173,12.869500476670073
176,17.834905571317453
170,25.927918959705895
178,22.341955948748183
175,23.461930986241594
174,25.26708991429419
172,26.141776412944502
169,29.372376628108732
161,32.84066940702831
162,32.84044311695471
146,38.247237338665514
177,25.143419217316016
186,1.4949481452782498
179,30.422439011523778
188,5.187579949307257
184,10.337434264949685
181,13.41554897913109
185,13.613418045700016
197,1.0732497625220287
183,14.410614756775534
191,4.184232259158331
189,13.308898054678721
199,1.8107316549280685
187,14.902353764610453
180,28.090877740202945
182,19.7075808115421
207,4.994970481091737
190,21.935135200331157
196,12.029210263015079
192,17.53493467087199
205,10.469378905661936
198,16.112968758425808
200,16.794912546884802
195,19.74828025231662
208,14.221876426616024
206,15.172842914532495
204,18.997031349188042
193,27.03356072194174
201,21.37870003941599
203,21.319968946058427
222,2.730925643078109
210,17.83422882622885
209,18.175687608162132
202,27.407138303839886
218,13.852833663609973
212,18.996002456691897
194,34.213029124695886
227,0.46839202757423504
211,23.158517777702492
223,7.389039422011308
216,17.35266876566128
231,0.8541390781550235
214,19.834132447340618
219,17.512576761857773
213,22.454753586361864
235,0.8271572482439007
229,6.350732576377517
217,23.808639794379125
221,21.767197854772533
232,14.010203537673952
226,17.71014974606613
220,31.06854769202702
225,20.338454937823784
241,1.2382038158429767
215,35.07071771598364
236,15.650124414443692
224,22.681227175772936
239,5.700195411719709
228,23.5964688099191
230,23.426371797768876
240,7.371085580568788
234,23.871723169881097
237,24.8446151693717
247,2.527073322127173
233,30.37115316849478
242,16.264064668508837
257,1.2047030325561978
258,0.9153435441543009
243,17.095046135808346
253,3.6986825973349946
244,17.39338014214696
251,5.998558241010714
238,31.757421640616837
245,18.363899265181498
249,11.202243789950847
246,24.498194960371446
248,16.804496826764268
250,15.95505639684997
268,1.3539291244417557
259,11.897515433508469
261,11.61885158175119
263,12.675105219150872
252,17.947212587696214
256,16.316231785229558
255,17.70001711900617
254,20.622987981229496
270,5.831048317488127
269,11.522249515836613
278,4.119785076147122
264,21.889458044064526
279,4.6931764963429154
266,20.926041035754828
262,24.777630138647154
271,14.88129877365951
286,0.9875903340494597
277,12.371590917242427
276,13.765353975782899
267,29.2084068695368
260,34.60881373590154
272,20.361868261307087
275,17.292077018905744
284,10.806867761678506
281,16.13961118079159
293,0.18355222223828177
273,27.999228493377224
280,18.48189021902823
289,11.380062134291716
283,18.46164598871948
285,17.325992111911738
274,31.299043558406503
290,17.349223485655525
302,0.4713656887582349
294,12.2004283999875
292,21.713567614236393
300,4.837112765471049
287,30.46575953450903
297,14.817979321475262
305,1.8395845241395365
291,26.148493409412836
288,27.722923944030324
308,1.8199732509235365
295,20.78315455664991
311,3.1252262581905126
314,1.985611369506159
298,21.715888202326397
265,64.67634111084712
313,5.282887587321624
318,1.385749726133146
304,13.25645856082535
319,2.781225711649226
320,2.0410080480158745
301,18.684248049880285
306,14.388940881190242
299,21.098299071994067
309,14.278489348024692
296,31.277735770937305
310,13.653127275869688
323,3.880838715295866
307,17.67885287257397
303,24.10873711591366
326,6.577184464597829
316,23.34369312385937
315,26.821357864512958
325,21.21365071906606
321,27.517705878574933
312,34.561573178570995
322,29.041516474523007
317,31.32488146730645
333,1.6580504665908529
327,25.620703157640506
324,28.875452979021794
332,3.969930466661505
340,0.6602503695106858
334,4.7826443969969175
339,3.367831928566287
335,7.113131221844788
329,15.486409024174405
282,83.93318735350555
330,14.15407173554416
336,13.12769061167993
328,23.222886931433905
341,11.88532938741618
337,14.6568828604554
351,6.773257817343844
353,5.934233784723375
338,14.406667709900665
344,11.763797518861272
346,11.420233463565822
343,13.665111491906302
352,10.601365469748728
345,14.04408805759348
358,0.7351363981521319
359,1.2347583917149771
349,14.547301813423704
331,25.79661901074969
348,15.666998328201887
347,19.4609500610795
355,14.463793640532227
357,7.33675245550652
342,25.315389581895932
350,20.56295889854594
366,2.000437442411535
354,17.905011719741847
360,9.478239599842247
356,18.262763812789867
375,1.1263566199208859
363,8.44150850761925
362,10.083696940842454
365,7.573748883684413
372,3.8971430260430604
361,13.629205783187816
379,2.481337198588888
369,8.977659380925902
367,9.797914356065423
374,7.974463732177856
371,12.566966613728221
368,19.110127707162075
373,17.069330651603735
370,18.836010190966164
387,0.7750309858915212
388,1.7271342657695912
378,17.65112490839659
376,19.63481166293586
380,17.02512111742141
377,20.093038429490957
393,6.576628363624269
385,14.989154344743367
382,26.171573850407253
386,15.47228256472059
390,20.284433008373203
384,24.46328205266529
383,24.903603238877356
396,2.3797373169709912
381,36.170527143059985
391,21.64330441436034
394,20.595750736432834
399,0.8917103672430234
389,26.152109807709245
392,24.86338788096349
403,2.650403922081342
406,0.2622803016225071
404,7.977105939150401
408,5.0273767901891695
413,1.0811567844082384
400,13.288686296320483
398,20.001469812292427
395,42.141935108405164
402,20.45604335239139
397,25.66003943717748
401,22.66733197853564
407,17.68444610982571
411,17.95019710226559
412,19.340763474499237
417,0.26649343253911734
418,0.906797145946301
410,27.31106021848964
415,15.657080056926914
409,32.368115782808864
414,29.326392410992945
424,0.6446831231625731
364,88.5279615680769
421,9.597232958911064
428,3.1323704211347843
422,11.186806854534531
423,8.207165466907544
419,18.785276778842892
420,14.466996773141313
416,26.618766623809222
431,0.9575497938090798
434,1.2468184226909766
435,2.640486647329072
429,12.192893165767526
425,15.972159930380545
444,1.5663243229602632
426,20.15265684169891
432,11.449083500853469
427,20.71746180016253
452,0.8945801918232907
438,10.952649628245942
456,0.9347202128263007
447,6.420975287040006
445,7.00477840881302
430,20.079942793303626
436,16.548551703594914
439,14.84971835224631
446,9.477093595370262
437,15.976595294818505
461,0.9132133026183007
433,19.67713916940459
448,15.92653366744634
440,22.355973606255397
453,14.109454904093907
449,17.688660122467468
441,22.00258211377662
455,15.176272713146815
442,21.665324671345434
443,22.291292991893773
451,18.82295640521132
463,15.733726328232207
467,16.737285616187737
460,21.14009789877019
459,21.81968786300259
462,20.680005129639927
405,86.07974318300488
458,25.013892169689917
465,21.73868300706977
457,27.52350831352263
469,20.73292513824568
450,32.82686283344166
473,3.1776725301724973
454,30.949878175918993
466,23.969119631140867
464,26.536621409771634
471,23.824804849512002
468,31.964929361661998
470,31.161077318519656
479,1.661031860733978
483,1.4082263566794702
484,1.3882549259441932
488,1.9416362331038741
486,4.105805490658642
497,0.2663560905931736
494,1.085274281184085
493,1.9009554251556064
498,1.0309380275491926
480,10.24711511384327
474,23.142231957703014
477,15.487589097483612
482,11.862657844885973
475,16.29168886938652
481,13.484012949121627
478,15.655622961224177
487,11.434111899347487
476,18.944958459417574
472,31.24814034134871
500,5.459169991197954
489,10.88454215995615
492,9.339965836684748
512,0.11590216882686978
491,11.833246225331706
485,14.380200152771497
503,5.8526522771753715
499,9.517934740728474
505,7.207957902744673
508,5.394929343101938
502,8.259015659406531
495,11.342781000836633
490,15.401028487637383
511,4.224176772664383
496,11.746673567580084
504,8.273810465310838
506,8.179034472901028
507,8.15086696747192
509,6.458816814641989
501,10.222966744794562
510,5.6804561092990005
